{
  "threshold": {
    "accuracy": 0.9518518518518518,
    "auroc": 0.8191022927689594,
    "f1_score": 0.4791820288237292,
    "unknown_detection_rate": 0.03,
    "fpr_at_tpr90": 0.4580246913580247,
    "confusion_matrix_labels": [
      -1,
      0,
      2,
      5,
      8,
      9,
      11
    ],
    "confusion_matrix_names": [
      "Unknown",
      "ACTIVATOR",
      "AGONIST-ACTIVATOR",
      "DOWNREGULATOR",
      "INHIBITOR",
      "PRODUCT-OF",
      "SUBSTRATE_PRODUCT-OF"
    ],
    "eval_duration_sec": 35.101670026779175
  },
  "openmax": {
    "accuracy": 0.945679012345679,
    "auroc": 0.8123359788359789,
    "f1_score": 0.5415898448074076,
    "unknown_detection_rate": 0.12428571428571429,
    "fpr_at_tpr90": 0.5530864197530864,
    "confusion_matrix_labels": [
      -1,
      0,
      2,
      5,
      8,
      9,
      11
    ],
    "confusion_matrix_names": [
      "Unknown",
      "ACTIVATOR",
      "AGONIST-ACTIVATOR",
      "DOWNREGULATOR",
      "INHIBITOR",
      "PRODUCT-OF",
      "SUBSTRATE_PRODUCT-OF"
    ],
    "eval_duration_sec": 89.31226944923401
  },
  "crosr": {
    "accuracy": 0.9543209876543209,
    "auroc": 0.7973024691358025,
    "f1_score": 0.4675434304169586,
    "unknown_detection_rate": 0.02142857142857143,
    "fpr_at_tpr90": 0.5259259259259259,
    "confusion_matrix_labels": [
      -1,
      0,
      2,
      5,
      8,
      9,
      11
    ],
    "confusion_matrix_names": [
      "Unknown",
      "ACTIVATOR",
      "AGONIST-ACTIVATOR",
      "DOWNREGULATOR",
      "INHIBITOR",
      "PRODUCT-OF",
      "SUBSTRATE_PRODUCT-OF"
    ],
    "eval_duration_sec": 87.59807109832764
  },
  "doc": {
    "accuracy": 0.9197530864197531,
    "auroc": 0.8154991181657848,
    "f1_score": 0.5310466252525196,
    "unknown_detection_rate": 0.36428571428571427,
    "fpr_at_tpr90": 0.5481481481481482,
    "confusion_matrix_labels": [
      -1,
      0,
      2,
      5,
      8,
      9,
      11
    ],
    "confusion_matrix_names": [
      "Unknown",
      "ACTIVATOR",
      "AGONIST-ACTIVATOR",
      "DOWNREGULATOR",
      "INHIBITOR",
      "PRODUCT-OF",
      "SUBSTRATE_PRODUCT-OF"
    ],
    "eval_duration_sec": 88.78031396865845
  },
  "adb": {
    "accuracy": 0.6864197530864198,
    "auroc": 0.5123871252204585,
    "f1_score": 0.08970635688931915,
    "unknown_detection_rate": 0.0,
    "fpr_at_tpr90": 0.8432098765432099,
    "confusion_matrix_labels": [
      -1,
      0,
      2,
      5,
      8,
      9,
      11
    ],
    "confusion_matrix_names": [
      "Unknown",
      "ACTIVATOR",
      "AGONIST-ACTIVATOR",
      "DOWNREGULATOR",
      "INHIBITOR",
      "PRODUCT-OF",
      "SUBSTRATE_PRODUCT-OF"
    ],
    "eval_duration_sec": 35.48457384109497
  }
}